{
    "rmse": 0.8041084469569572,
    "mae": 0.6561379697694513,
    "r2": 0.010582100846171949
}